[{
  "_id": {
    "$oid": "66f98db7e9be15ad716a00f1"
  },
  "playlistID": "PL01",
  "name": "Tom",
  "description": "Just like me frfr",
  "imageUrl": "/assets/images/tom.jpg",
  "comments": [
    {
      "author": "Dummy author 1",
      "comment": "This is my first comment"
    },
    {
      "author": "Dummy author 2",
      "comment": "This is my second comment"
    },
    {
      "author": "Dummy author 3",
      "comment": "This is my third comment"
    }
  ],
  "songIDs": [
    "gupp",
    "cvtgt",
    "fd"
  ],
  "userIDs": [
    "user02"
  ]
},
{
  "_id": {
    "$oid": "66f98dc8e9be15ad716a00f2"
  },
  "playlistID": "PL02",
  "name": "Himalayans",
  "description": "I must be from the himalayans the way that Im him",
  "imageUrl": "/assets/images/crash.png",
  "comments": [
    {
      "author": "Dummy author 1",
      "comment": "This is my first comment"
    },
    {
      "author": "Dummy author 2",
      "comment": "This is my second comment"
    },
    {
      "author": "Dummy author 3",
      "comment": "This is my third comment"
    }
  ],
  "songIDs": [
    "fd",
    "cvtgt",
    "v",
    "t",
    "gu",
    "gu"
  ],
  "userIDs": [
    "user01"
  ]
},
{
  "_id": {
    "$oid": "6727d51297e96529ada8ce4d"
  },
  "playlistID": "PL03",
  "name": "Test Playlist",
  "description": "This is a playlist to test",
  "imageUrl": "/assets/images/placeholder.png",
  "comments": [],
  "userIDs": [
    "user03"
  ],
  "songIDs": [
    "gu",
    "cvtgt",
    "gupp-r",
    "gupp-r",
    "gupp-r",
    "gupp-r",
    "gupp-r",
    "gupp-r"
  ]
},
{
  "_id": {
    "$oid": "6727d92297e96529ada8ce53"
  },
  "playlistID": "PL04",
  "name": "IM-Yooked",
  "description": "Im so cooked",
  "imageUrl": "/assets/images/placeholder.png",
  "comments": [],
  "userIDs": [
    "user03"
  ],
  "songIDs": [
    "f",
    "j"
  ]
},
{
  "_id": {
    "$oid": "6727dab097e96529ada8ce54"
  },
  "playlistID": "PL05",
  "name": "Last one",
  "description": "One last go",
  "imageUrl": "/assets/images/placeholder.png",
  "comments": [],
  "userIDs": [
    "user03"
  ],
  "songIDs": [
    "lay",
    "p"
  ]
},
{
  "_id": {
    "$oid": "6727dbe197e96529ada8ce55"
  },
  "playlistID": "PL06",
  "name": "Playlist 1",
  "description": "awe",
  "imageUrl": "/assets/images/placeholder.png",
  "comments": [],
  "userIDs": [
    "user03"
  ],
  "songIDs": []
}]